id;nome;email
1;wanderlei silva;wander.silva@gmail.com
2;Armando;armando@email.com
3;mateus;mateus@gmail.com
4;Juliana;juliana@gmail.com
5;Bruna;bruna@algumemail.com
6;Fabricio;frico@fabricio.com.br
7;JOSE DAS COUVES;Jcouves@conves.com.br
8;GUSTAVO;gtavo@gusta.com8;GUSTAVO;gtavo@gusta.com
9;GUSTAVO;gtavo@gusta.com9;GUSTAVO;gtavo@gusta.com
10;GUSTAVO;gtavo@gusta.com9;GUSTAVO;gtavo@gusta.com
11;GUSTAVO;gtavo@gusta.com
12;Wanderlei Silva do Carmo;wander.silva@gmail.com
13;GUSTAVO;gtavo@gusta.com
14;BENJAMIN;benjamin@bnja.min.com
16;TIRIRICA;titira@com.br
17;PEDRO DE LARA;plara@p.com.br
18;MOLUSCO;MLUDILMA@LA.DRO.COM.BR
20;LEONARDO;lnardo@leo.com.br
50;BRUNA CASTRO;bruna@castro.com.br
50;BRUNA CASTRO;bruna@castro.com.br
45;BABY;baby@uol.com.br
25;MATHEUS ;nata@matheus.com
10;Jhonatan Santos Silva;jhonatan.santos1@hotmail.com
8;gustavo;gustavotrindade@hotmail.com
12;Gustavo Silva Trindade;gustavosilvatrindade@hotmail.com
12;Gustavo Silva Trindade;gustavosilvatrindade@hotmail.com
12;Gustavo Silva Trindade;gustavosilvatrindade@hotmail.com
12;Gustavo Silva Trindade;gustavosilvatrindade@hotmail.com
12;Gustavo Silva Trindade;gustavosilvatrindade@hotmail.com
712;Jusciscleiton de Almeida Ferrari;jujuAferrari@gmail.com
841;Paulo Brificado dos Santos;PauloBS1976@Outlook.com
245;Paula Thejanno Maria de Oliveira;PaulaTheMaria@gmail.com
264;Cuca Belludo Martins das Cruzes;CucaMartins22@hotmail.com
78;NICOLAU BARBUDO;nico@barbudo
264;Cuca Belludo Martins das Cruzes;CucaMartins22@hotmail.com
264;Cuca Belludo Martins das Cruzes;CucaMartins22@hotmail.com
78;NICOLAU BARBUDO;nico@barbudo
78;NICOLAU BARBUDO;nico@barbudo
78;NICOLAU BARBUDO;nico@barbudo
264;Cuca Belludo Martins das Cruzes;CucaMartins22@hotmail.com
12;Gustavo Silva Trindade;gustavosilvatrindade@hotmail.com
12;Gustavo Silva Trindade;gustavosilvatrindade@hotmail.com
12;Gustavo Silva Trindade;gustavosilvatrindade@hotmail.com
12;Gustavo Silva Trindade;gustavosilvatrindade@hotmail.com
12;Gustavo Silva Trindade;gustavosilvatrindade@hotmail.com
12;Gustavo Silva Trindade;gustavosilvatrindade@hotmail.com
12;Gustavo Silva Trindade;gustavosilvatrindade@hotmail.com
264;Cuca Belludo Martins das Cruzes;CucaMartins22@hotmail.com
300;gorgo;gorgo@leonidas.com.br
